"mon","n","trung_binh","trung_vi","mode","do_lech_chuan","min","Q1","Q3","max","do_lech","so_diem_10","so_diem_le1","pct_duoi_5"
"Toán",1126172,4.78309991724177,4.6,4.75,1.67721642108449,0,3.5,5.85,10,0.399527164801698,513,777,56.3947603030443
"Ngữ văn",1126726,7.00210572046798,7.25,7.5,1.27862681837392,0,6.25,8,9.75,-0.772896394345864,0,87,6.24002641281021
"Tiếng Anh",351848,5.37501918442055,5.25,5.25,1.44911063328464,0,4.25,6.25,10,0.277854058177798,141,28,38.2204815715877
"Vật lí",347599,6.98505993975817,7,7.5,1.51730854428978,0,5.85,8.25,10,-0.20713225835542,3929,3,9.78972896930083
"Hóa học",240135,6.06487996335395,6,6.25,1.81084904299587,0.75,4.75,7.5,10,0.10227093618381,625,8,29.5292231453141
"Sinh học",69895,5.77829172329923,5.75,6.5,1.58077682395478,0.85,4.6,7,10,0.146731280815748,82,1,32.4400887044853
"Lịch sử",481293,6.51925074746568,6.6,7.25,1.63287277784361,0,5.25,7.75,10,-0.185768280221397,1518,13,18.6300237069727
"Địa lí",476472,6.62784581255562,6.75,7.75,1.74979881218049,0,5.35,8,10,-0.143768810121409,6907,19,18.6902903003744
"GD KT&PL",246401,7.69140405274329,7.75,8.25,1.18088941080165,1.25,7,8.5,10,-0.807371952061348,1451,0,2.56654802537327
"Tin học",7602,6.78276111549592,6.75,7,1.48273284527588,1.35,5.75,7.85,10,-0.115292356185156,60,0,11.2207313864772
"CN Nông nghiệp",22048,7.71589713352685,7.75,8.25,1.17051412943048,1.55,7,8.5,10,-0.755317164304143,101,0,2.14531930333817
"CN Công nghiệp",2290,5.79255458515284,5.6,6,1.53986994788198,2.3,4.55,7,10,0.363137033931691,4,0,34.061135371179
